ID,Title,3,4,5,6,7,8,9,10,11,12
315,Food Chains,,,1,1,1,1,1,1,1,
333,Living vs. Non-Living #1,,,1,1,1,1,1,1,1,
334,Living vs. Non-Living #2,,,1,1,1,1,1,1,1,
335,Cells #1,,,,1,1,1,1,1,1,
336,Cells #2,,,,1,1,1,1,1,1,
340,Eco Sort #1,,,,1,1,1,1,1,1,
341,Eco Sort #2,,,,1,1,1,1,1,1,
408,The Respiratory System,,,1,1,1,1,1,1,,
324,Titration,,,,,,,,1,1,1
329,Physical vs Chemical #1,,,,1,1,1,1,1,,
330,Physical vs Chemical #2,,,,1,1,1,1,1,,
331,Physical vs Chemical #3,,,,1,1,1,1,1,,
332,Physical vs Chemical #4,,,,1,1,1,1,1,,
339,"Element, Compound or Mixture",,,,1,1,1,1,1,,
347,WHMIS #1,,,,1,1,1,1,1,1,
348,WHMIS #2,,,,1,1,1,1,1,1,
351,Periodic Table #1,,,,,,1,1,1,1,
352,Periodic Table #2,,,,,,1,1,1,1,
342,Rock Cycle,,,1,1,1,1,1,1,,
346,Solar System,1,1,1,1,1,1,1,1,,
353,Universe,,,,1,1,1,1,1,1,
396,Pangea,,,,,1,1,1,1,1,
397,Magnetic Striping,,,,,,1,1,1,1,
400,Earthquake,,1,1,1,1,1,1,1,1,
345,Literary Devices,,,,,,1,1,1,1,1
349,Story Elements #1,,,,,1,1,1,1,1,
350,Story Elements #2,,,,,1,1,1,1,1,
312,Multiplication Balloons,1,1,1,1,1,1,1,,,
313,Greatest Common Factor,,,,1,1,1,1,,,
319,Linear Graphs,,,,,1,1,1,1,1,
322,Right Triangle,,,,,1,1,1,1,1,
323,Polynomials,,,,,,,1,1,1,
325,Integers,,,,,1,1,1,1,,
327,Graphing Points,,,,,,1,1,1,,
328,BEDMAS,,,,,,1,1,1,,
337,Addition #1,,,,,1,1,1,1,,
338,Addition #2,,,,,1,1,1,1,,
343,Algebra Terms,,,,,,1,1,1,1,
344,Least Common Multiple,,,,1,1,1,1,,,
354,Divisibility,,,,1,1,1,1,,,
355,Equation or Expression?,,,,,,1,1,1,1,
356,1-Step or 2-Step Solving Problem,,,,,,1,1,1,1,
357,Whack a Mole!,,,,,1,1,1,1,1,
395,Perfect Squares,,,,,,1,1,1,1,
399,Choose a Prime Number,,,,1,1,1,1,1,,
402,Word Problems 1,,,,,,1,1,1,1,
403,Word Problems 2,,,,,,1,1,1,1,
407,Perfect Squares,,,,,,,1,1,1,1
409,Dice Simulator,,,,,,,1,1,1,1
410,Vertical Line Test,,,,,,,,1,1,1
326,Music,,,,1,1,1,1,,,
314,Free Body Diagrams #1,,,,,1,1,1,1,1,
316,Free Body Diagrams #2,,,,,,1,1,1,1,
317,Free Body Diagrams #3,,,,,,,,1,1,
318,Matching Crashes,,,,,,,,1,1,1
321,EM Spectrum,,,,,1,1,1,1,1,1
358,What is Energy?,,,,,1,1,1,1,1,
359,Energy: Ep & Ek,,,,,1,1,1,1,1,
401,Bobsled Forces,,,,,1,1,1,1,1,1
406,Bobsled Energy,,,,,1,1,1,1,1,
411,Relative Velocity,,,,,,,,1,1,1
320,Significant Figures,,,,,,,,1,1,1
398,Which Level of Government - 1,,,,,,1,1,1,1,
404,Canadian Provinces and Geography,,,,,1,1,1,1,1,
405,Canada's National Resources,,,,,1,1,1,1,1,
